{"cameraMode":{"drawMode":0,"name":"Shaded","section":"Shading Mode"},"sceneLighting":true,"audioPlay":false,"sceneViewState":{"showFog":true,"showMaterialUpdate":false,"showSkybox":true,"showFlares":true,"showImageEffects":true,"showParticleSystems":true},"in2DMode":false,"pivot":{"x":520.6906127929688,"y":304.7200012207031,"z":1916.949951171875},"rotation":{"x":-0.05775684863328934,"y":-0.8087720274925232,"z":0.08058608323335648,"w":-0.579704999923706},"size":6951.91552734375,"orthographic":true}